type,name,notice,furigana
びん・かん・ペットボトル,油の容器（食用缶・食用びん）,透明袋（軽くすすぐ）,あ
びん・かん・ペットボトル,一升ビン,透明袋（酒屋から購入した酒びんは酒屋へ返却するように）,い
びん・かん・ペットボトル,一斗缶（つぶして下さい）,透明袋（一度に一缶まで）,い
びん・かん・ペットボトル,インスタントコーヒーのビン,透明袋（軽くすすぐ）,い
びん・かん・ペットボトル,ウイスキーびん,透明袋（軽くすすぐ）,う
びん・かん・ペットボトル,栄養ドリンクビン,透明袋（軽くすすぐ）,え
びん・かん・ペットボトル,お菓子・お茶等の缶,透明袋,お
びん・かん・ペットボトル,菓子箱（金属）,透明袋,か
びん・かん・ペットボトル,缶（飲食料用・ペットフード）,透明袋（軽くすすぐ　）,か
びん・かん・ペットボトル,缶（蚊取り線香・赤ちゃん用ミルク缶等）,透明袋,か
びん・かん・ペットボトル,キャットフード缶,透明袋(軽くすすぐ　),き
びん・かん・ペットボトル,粉ミルク缶,透明袋,こ
びん・かん・ペットボトル,酒のびん,透明袋(酒屋から購入した酒びんは酒屋へ返却するように),さ
びん・かん・ペットボトル,ジャムのびん,透明袋(軽くすすぐ),し
びん・かん・ペットボトル,ジュース缶,透明袋(軽くすすぐ),し
びん・かん・ペットボトル,食用油缶,透明袋(軽くすすぐ),し
びん・かん・ペットボトル,酢のびん,透明袋(軽くすすぐ),し
びん・かん・ペットボトル,茶筒のかん,透明袋,ち
びん・かん・ペットボトル,調味料の缶,透明袋(内容物を使い切るか　捨ててから),ち
びん・かん・ペットボトル,調味料のびん,透明袋(内容物を使い切るか　捨ててから),ち
びん・かん・ペットボトル,佃煮類のびん,透明袋(軽くすすぐ),つ
びん・かん・ペットボトル,ドッグフード缶,透明袋(軽くすすぐ),と
びん・かん・ペットボトル,ドリンク剤ビン,透明袋(軽くすすぐ),と
びん・かん・ペットボトル,ドレッシングびん,透明袋(軽くすすぐ),と
びん・かん・ペットボトル,入浴剤の缶,透明袋,に
びん・かん・ペットボトル,海苔（味付け・焼のり）の缶,透明袋,の
びん・かん・ペットボトル,海苔佃煮のびん,透明袋(軽くすすぐ　ふたは不燃物),の
びん・かん・ペットボトル,ビール缶,透明袋(軽くすすぐ),ひ
びん・かん・ペットボトル,びん（栄養ドリンクびん）,透明袋(軽くすすぐ),ひ
びん・かん・ペットボトル,びん（コーヒー・ジャム・佃煮等）,透明袋(軽くすすぐ),ひ
びん・かん・ペットボトル,びん（食用品）,透明袋(軽くすすぐ),ひ
びん・かん・ペットボトル,びん（酢・酒・ワイン・ビール等）,透明袋(ビールびんはできるだけ酒屋さんへ返すようにしてください),ひ
びん・かん・ペットボトル,びん（割れたもの）,透明袋,ひ
びん・かん・ペットボトル,ふりかけのびん,透明袋,ふ
びん・かん・ペットボトル,ペットフードの缶,透明袋(軽くすすぐ),へ
びん・かん・ペットボトル,ミルク缶（赤ちゃん用）,透明袋,み
びん・かん・ペットボトル,洋酒のびん,透明袋(軽くすすぐ),よ
びん・かん・ペットボトル,冷酒のびん（１合用等）,透明袋(軽くすすぐ),れ
びん・かん・ペットボトル,ワインのびん,透明袋(軽くすすぐ),わ
びん・かん・ペットボトル,ペットボトル,透明袋(ラベル・フタはプラスチックへ　軽くすすぐ),へ
プラスチック,アイス・ヨーグルト用プラスチックスプーン,透明袋,あ
プラスチック,〃　　　〃　　　の袋　,透明袋（容器包装リサイクル法による）,あ
プラスチック,油の容器（プラスチック）,透明袋（容器包装リサイクル法（プラマーク付）軽くすすぐ）,あ
プラスチック,網戸の網（自分で交換した物のみ）,透明袋（はめ込みのゴムひもは可燃物）,あ
プラスチック,雨合羽（ビニール製）,透明袋,あ
プラスチック,インクカートリッジ（パソコン用）,透明袋,い
プラスチック,インスタントコーヒーのビンのふた,透明袋（容器包装リサイクル法（プラマーク付））,い
プラスチック,植木鉢（プラスチック）,透明袋（直径３０㎝以上は粗大ごみ）,う
プラスチック,浮き輪,透明袋,う
プラスチック,うちわ（プラスチック製）,透明袋（紙部分は可燃物へ）,う
プラスチック,ＭＤ（ミニディスク）,透明袋,え
プラスチック,桶（プラスチック製）,透明袋,お
プラスチック,おたま（プラスチック製）,透明袋,お
プラスチック,おまる（赤ちゃん用）,透明袋,お
プラスチック,おもちゃ（プラスチック）,透明袋（５０㎝以上は粗大ごみ）,お
プラスチック,カーテンフック（プラスチック）,透明袋,か
プラスチック,カード類,透明袋（切るか折って出してください）,か
プラスチック,カーラー（髪巻き）,透明袋,か
プラスチック,買い物袋（通称レジ袋）,透明袋,か
プラスチック,菓子袋（ビニール・アルミ蒸着）,透明袋（容器包装リサイクル法（プラマーク付））,か
プラスチック,菓子容器（プラスチック）,透明袋（容器包装リサイクル法（プラマーク付））,か
プラスチック,カセットテープ,透明袋,か
プラスチック,カップ麺のかやくの袋,透明袋（容器包装リサイクル法（プラマーク付））,か
プラスチック,カップ麺の外包装フィルム,透明袋（容器包装リサイクル法（プラマーク付）　容器に記載）,か
プラスチック,カップ麺の容器,透明袋（容器包装リサイクル法（プラマーク付）　軽くすすぐ）,か
プラスチック,カミソリ本体（プラ製）,透明袋,か
プラスチック,薬の収納（プラスチック）,透明袋(容器包装リサイクル法（プラマーク付）),く
プラスチック,薬箱（プラスチック）,透明袋,く
プラスチック,口紅容器（プラスチック製）,透明袋,く
プラスチック,クッション（スポンジ入り）,透明袋(外の布袋は可燃物へ　ジャンボクッションは粗大ごみ),く
プラスチック,蛍光ペン,透明袋,く
プラスチック,化粧品プラスチック容器,透明袋(容器包装リサイクル法（プラマーク付）),く
プラスチック,ケチャップ容器（中をすすぐ）,透明袋(容器包装リサイクル法（プラマーク付）),く
プラスチック,ゴーグル,透明袋(ゴム部分は可燃へ),こ
プラスチック,ごみ箱（プラスチック製）,透明袋(高さ５０㎝まで　それ以上は粗大ごみ),こ
プラスチック,米袋（プラスチック製）,透明袋(器包装リサイクル法（プラマーク付）),こ
プラスチック,ゴルフマット,透明袋(大きい物は５０㎝角に切って出す),こ
プラスチック,コンビニ弁当容器（中を洗ってから）,透明袋(容器包装リサイクル法（プラマーク付）),こ
プラスチック,酒パックの口のふた,透明袋(容器包装リサイクル法（プラマーク付）),さ
プラスチック,座布団（スポンジ入り）,透明袋(６０㎝×６０㎝以下で一度に３枚まで　布は可燃物),さ
プラスチック,皿（プラスチック）,透明袋,さ
プラスチック,ＣＤ（コンパクトディスク）,透明袋,し
プラスチック,湿気とり容器,透明袋(容器包装リサイクル法（プラマーク付）),し
プラスチック,湿布薬のフィルム,透明袋(容器包装リサイクル法),し
プラスチック,写真のネガ（フィルム）,透明袋,し
プラスチック,写真のネガ（フィルム）ケース,透明袋(容器包装リサイクル法（プラマーク付）),し
プラスチック,シャンプー・リンス容器,透明袋(容器包装リサイクル法（プラマーク付）軽くすすぐ),し
プラスチック,朱肉,透明袋,し
プラスチック,定規（プラスチック）,透明袋,し
プラスチック,じょうろ（プラスチック製）,透明袋,し
プラスチック,食品トレー,透明袋(容器包装リサイクル法（プラマーク付）軽くすすぐ),し
プラスチック,食用油のプラスチックボトル,透明袋(容器包装リサイクル法（プラマーク付）軽くすすぐ),し
プラスチック,食器（プラスチック）,透明袋,し
プラスチック,人工芝,透明袋,し
プラスチック,水筒（プラスチック製）,透明袋,し
プラスチック,スキー靴,透明袋(金具は外して不燃物で出す),し
プラスチック,スタンプ台（プラスチック）,透明袋,し
プラスチック,スポンジ,透明袋,し
プラスチック,背広カバー（購入時ついてくるもの）,透明袋(容器包装リサイクル法（プラマーク付）ハンガーも),せ
プラスチック,洗剤容器（プラスチック製）,透明袋(容器包装リサイクル法（プラマーク付）軽くすすぐ),せ
プラスチック,洗面器（プラスチック製）,透明袋,せ
プラスチック,脱臭剤容器,透明袋(容器包装リサイクル法（プラマーク付）),た
プラスチック,タッパ―,透明袋,た
プラスチック,卵のパック,透明袋(容器包装リサイクル法（プラマーク付）),た
プラスチック,ダンベル（プラスチック）,透明袋,た
プラスチック,茶たく（プラスチック製）,透明袋,ち
プラスチック,チューブ（歯磨き・ハンドクリーム等）,透明袋(容器包装リサイクル法（プラマーク付）),ち
プラスチック,ちりとり（プラスチック製）,透明袋,ち
プラスチック,漬物たる（プラスチック製）,透明袋(２０㍑まで　これ以上は粗大ごみ),つ
プラスチック,突っ張り棒,透明袋(折るか曲げて５０㎝まで　これ以上は粗大ごみ),つ
プラスチック,積み木（プラスチック製）,透明又は白色系半透明袋,つ
プラスチック,釣り糸,透明袋,つ
プラスチック,ＤＶＤ,透明袋,て
プラスチック,テ―ブルクロス（ビニール）,透明袋(５０㎝角以下に切る),て
プラスチック,デスクマット,透明袋,て
プラスチック,豆腐容器・上フタシール,透明袋(容器包装リサイクル法（プラマーク付）),と
プラスチック,ドリンク剤ビンのフタ（プラスチック製）,透明袋(容器包装リサイクル法),と
プラスチック,トレー（食品用）,透明袋(容器包装リサイクル法（プラマーク付）軽くすすぐ),と
プラスチック,ドレッシング用プラスチック容器・フタ,透明袋(容器包装リサイクル法（プラマーク付）軽くすすぐ),と
プラスチック,トロフィー（プラスチック）,透明袋(３０㎝以上は粗大ごみ),と
プラスチック,納豆パック,透明袋(容器包装リサイクル法（プラマーク付）軽くすすぐ),な
プラスチック,荷作りテープ・荷紐（プラスチック）,透明袋,に
プラスチック,入浴剤のプラスチック袋,透明袋(容器包装リサイクル法（プラマーク付）),に
プラスチック,入浴剤のプラスチック容器,透明袋(容器包装リサイクル法（プラマーク付）),に
プラスチック,人形（プラスチック製）,透明,に
プラスチック,バケツ(プラスチック製）,透明袋(20㍑まで　これ以上は粗大ごみ),は
プラスチック,箸（はし）プラスチック,透明袋,は
プラスチック,発泡スチロール製品,透明袋(プラマーク付はプラ①へ),は
プラスチック,歯ブラシ,透明袋,は
プラスチック,歯磨きチューブ,透明袋(容器包装リサイクル法（プラマーク付）),は
プラスチック,ハンガー(プラスチック製),透明袋(金属部分は外し不燃物へ　そのままなら不燃物で),は
プラスチック,ビーチマット,透明袋(５０㎝角以下に切る),ひ
プラスチック,ビデオテープ,透明袋,ひ
プラスチック,ビニール合羽,透明袋,ひ
プラスチック,ビニールシート,透明袋(５０㎝角以下に切る),ひ
プラスチック,ビニールホース,透明袋(５０㎝以下に切る),ひ
プラスチック,びんのふた（プラスチック）,透明袋(容器包装リサイクル法（プラマーク付）),ひ
プラスチック,フィルム,透明袋,ふ
プラスチック,フィルムケース,透明袋(容器包装リサイクル法（プラマーク付）),ふ
プラスチック,プランター,透明袋(直径・横　３０㎝以下　以上は粗大ごみ),ふ
プラスチック,ブルーシート,透明袋(５０㎝以下に切り金具をはずし出す　原形のままは粗大ごみ),ふ
プラスチック,風呂のいす(プラスチック製）,透明袋,ふ
プラスチック,風呂マット,透明袋(５０㎝角以下に切り出す　原形のままは粗大ごみ),ふ
プラスチック,ペットトイレ,透明袋(５０㎝以上は粗大ごみ),へ
プラスチック,芳香剤容器,透明袋(容器包装リサイクル法(プラマーク付）),ほ
プラスチック,防臭剤容器,透明袋(容器包装リサイクル法(プラマーク付）),ほ
プラスチック,ホース(プラスチック製）,透明袋(５０㎝以下に切って袋に入れて出す),ほ
プラスチック,ボールペン,透明袋,ほ
プラスチック,哺乳瓶（プラスチック製）,透明袋,ほ
プラスチック,ポリバケツ,透明袋(２０㍑まで　これ以上は粗大ごみ　一度に１個まで),ほ
プラスチック,ポリ袋（レジ袋）,透明袋(容器包装リサイクル法(プラマーク付）),ほ
プラスチック,まくら（ビーズ・スポンジ）,透明袋(布の部分は可燃物),ま
プラスチック,マジックペン・マーカーペン,透明袋,ま
プラスチック,まな板（プラスチック製）,透明袋,ま
プラスチック,マヨネーズ容器,透明袋(容器包装リサイクル法（プラマーク付）使い切り軽くすすぐ),ま
プラスチック,虫かご（プラスチック製）,透明袋,む
プラスチック,目薬容器・フタ,透明袋(容器包装リサイクル法（プラマーク付）),め
プラスチック,メジャー（プラスチック製）,透明袋,め
プラスチック,面（おもちゃ）,透明袋,め
プラスチック,湯たんぽ（プラスチック）,透明袋,ゆ
プラスチック,ラップ（家庭で使用した物）,透明袋,ら
プラスチック,ラップ（商店で魚・肉等を覆っている物）,透明袋(容器包装リサイクル法　軽くすすぐ),ら
プラスチック,ルコーダー（笛）,透明袋,り
プラスチック,ルーペ（虫めがねープラスチック製）,透明袋,る
プラスチック,レーザーディスク盤,透明袋,れ
プラスチック,レコード盤,透明袋,れ
プラスチック,レジ袋,透明袋(容器包装リサイクル法（プラマーク付）),れ
プラスチック,レジャーシート,透明袋,れ
プラスチック,レトルトパック　（ビニール＋アルミ）,透明袋(容器包装リサイクル法（プラマーク付）),れ
プラスチック,ロープ（プラスチック）,透明袋,ろ
医療機関での処理を原則とします（医療機関が受け付けない時は、針は除き可燃物で各集積所に出してください　但し感染の心配のないもの）,在宅医療用廃棄物（点滴パック・チューブ）,,さ
可燃粗大ごみ,いす（木製）,,い
可燃粗大ごみ,板（建築廃材・工事使用は不可）,,い
可燃粗大ごみ,板戸（自分で交換した物）,,い
可燃粗大ごみ,犬小屋（木製）,,い
可燃粗大ごみ,羽毛布団,,う
可燃粗大ごみ,オーディオラック（木製）,,お
可燃粗大ごみ,押し入れタンス（木製）,,お
可燃粗大ごみ,折りたたみイス（木製）,,お
可燃粗大ごみ,カーテンレール（木製）,（５０㎝位に切れば可燃物）,か
可燃粗大ごみ,絵画（額縁付）,,か
可燃粗大ごみ,かいまき,（中に金属の端子があるため不燃物になります）,か
可燃粗大ごみ,角材（建築廃材は不可）,（２ｍの長さで１５㎝角程度まで）,か
可燃粗大ごみ,学習机（木製）,,か
可燃粗大ごみ,かけや,,か
可燃粗大ごみ,カーペット,（５０㎝角以下に切れば可燃物でＯＫ）,か
可燃粗大ごみ,カラーボックス,,か
可燃粗大ごみ,ギターケース,(自己搬入時金具は外す),き
可燃粗大ごみ,下駄箱（木製）,,く
可燃粗大ごみ,コートハンガー（木製）,,こ
可燃粗大ごみ,ござ（イグサ）,(５０㎝以下に切れば可燃物でＯＫ),こ
可燃粗大ごみ,こたつ板（木製）,,こ
可燃粗大ごみ,こたつ用毛布,(５０㎝角以下に切れば可燃物でＯＫ),こ
可燃粗大ごみ,こたつ布団,,こ
可燃粗大ごみ,琴,(自己搬入の場合　弦はプラスチック②へ),こ
可燃粗大ごみ,座椅子（木製）,,さ
可燃粗大ごみ,サイドボード,(自己搬入時ガラスは外す　（不燃物の日に出す）),さ
可燃粗大ごみ,座卓,,さ
可燃粗大ごみ,三角コーナー家具,(自己搬入時ガラスは外す　（不燃物の日に出す）),さ
可燃粗大ごみ,竹刀,(５０㎝に切れば可燃物でＯＫ),し
可燃粗大ごみ,じゅうたん,(５０㎝角以下に切れば可燃物),し
可燃粗大ごみ,障子木製（自分で交換した物のみ）,,し
可燃粗大ごみ,食卓テーブル,,し
可燃粗大ごみ,書籍（本箱・本棚）,(自己搬入時ガラスは外す　（不燃物の日に出す）),し
可燃粗大ごみ,食器戸棚,(自己搬入時ガラスは外す　（不燃物の日に出す）),し
可燃粗大ごみ,シングルベッド枠（木製）,(自己搬入時金具は外す（不燃物の日に出す）),し
可燃粗大ごみ,すきま棚,(自己搬入時ガラスは外す　（不燃物の日に出す）),し
可燃粗大ごみ,すだれ（竹・籐製）,(５０㎝以下に切れば可燃物),し
可燃粗大ごみ,すのこ（木製）,(５０㎝以下に切れば可燃物),し
可燃粗大ごみ,すのこベッド,,し
可燃粗大ごみ,滑り台（室内木製）,,し
可燃粗大ごみ,整理タンス,,せ
可燃粗大ごみ,セミダブルベッド枠（木製）,(自己搬入時金具は外す　（不燃物の日に出す）),せ
可燃粗大ごみ,そば・うどん打ち用のし板,,せ
可燃粗大ごみ,ソファー（板のみ）,,せ
可燃粗大ごみ,ダイニングテーブル,,た
可燃粗大ごみ,裁ち板（和裁用）,,た
可燃粗大ごみ,ダブルベッド枠（木製）,,た
可燃粗大ごみ,タンス,(自己搬入時金具は外す　（不燃物の日に出す）),た
可燃粗大ごみ,ついたて,,つ
可燃粗大ごみ,机（木製）,,つ
可燃粗大ごみ,テーブル,,て
可燃粗大ごみ,戸（ドア）木製　自己交換のみ,(取っ手（ドアノブ）は不燃物へ),と
可燃粗大ごみ,籐椅子,,と
可燃粗大ごみ,籐の屏風,,と
可燃粗大ごみ,ドレッサー（自己搬入時　鏡は外す）,(自己搬入時　鏡部分は不燃粗大ごみになります),と
可燃粗大ごみ,二段ベッド（木製）,(自己搬入時金具は外す　（不燃物の日に出す）),に
可燃粗大ごみ,はしご(木製),,は
可燃粗大ごみ,ふすま（自分で交換した物のみ）,,ふ
可燃粗大ごみ,仏壇,,ふ
可燃粗大ごみ,布団,,ふ
可燃粗大ごみ,踏み台(木製）,,ふ
可燃粗大ごみ,風呂桶　木製（自分で交換した物のみ）,(金具は不燃物へ),ふ
可燃粗大ごみ,風呂のふた(木製）,,ふ
可燃粗大ごみ,ベッド（木枠）,(自己搬入時金具は外す（不燃物の日に出す）),へ
可燃粗大ごみ,ペット用すのこ,,へ
可燃粗大ごみ,ベニヤ板（家庭に以前からあった物）,(建築廃材は不可),へ
可燃粗大ごみ,ベビーサークル,,へ
可燃粗大ごみ,ベビーダンス,,へ
可燃粗大ごみ,ベビーベッド(木製）,(自己搬入時金具は外す（不燃物の日に出す）),へ
可燃粗大ごみ,ベンチ(木製）,,へ
可燃粗大ごみ,本箱,(自己搬入時金具は外す（不燃物の日に出す）),ほ
可燃粗大ごみ,マガジンラック(木製）,,ま
可燃粗大ごみ,丸太（建築廃材不可）,(太さ１５㎝　長さ１ｍまで),ま
可燃粗大ごみ,毛布,(５０㎝角以下に切れば可燃物),も
可燃粗大ごみ,木材　少量　（建築廃材不可）,,も
可燃粗大ごみ,柳ごおり,,や
可燃粗大ごみ,洋服タンス,(自己搬入時金具は外す　（不燃物の日に出す）),よ
可燃粗大ごみ,浴槽のフタ（木製）,,よ
可燃粗大ごみ,よしず,,よ
可燃粗大ごみ,ライティングデスク,(自己搬入時金具は外す　（不燃物の日に出す）),ら
可燃粗大ごみ,ランドセル,(金具は外して不燃物の日に出す),ら
可燃粗大ごみ,ロッキングチェアー,,ろ
可燃粗大ごみ,ワゴン（木製）,,わ
可燃物,アイスノン（保冷剤）,透明又は白色系半透明袋,あ
可燃物,アイロン台｛うま・金属（足）なし｝　　,透明又は白色系半透明袋（家庭用５０㎝程度　それ以上は粗大ごみ）,あ
可燃物,油（食用油）,透明又は白色系半透明袋（固めるか布・紙にしみこませて出す）,あ
可燃物,雨合羽（織布製・ゴム製）,透明又は白色系半透明袋,あ
可燃物,アルバム,透明又は白色系半透明袋（金具は外して不燃物へ）,あ
可燃物,犬小屋（布製）,透明又は白色系半透明袋（50㎝以下に切って出す）,い
可燃物,犬の首輪（革製）,透明又は白色系半透明袋（金具部分は外して不燃物へ）,い
可燃物,印鑑（木・象牙）,透明又は白色系半透明袋,い
可燃物,インクリボン,透明又は白色系半透明袋,い
可燃物,ウインドブレーカー,透明又は白色系半透明袋,う
可燃物,ウエットスーツ,透明又は白色系半透明袋,う
可燃物,うちわ（竹製）,透明又は白色系半透明袋,う
可燃物,羽毛入り衣料,透明又は白色系半透明袋,う
可燃物,運動靴,透明又は白色系半透明袋,う
可燃物,枝,直径３０㎝程度にしばる（６０㎝以下に切る　２束まで　多量の場合は自己搬入で）,え
可燃物,エンジンオイル,透明又は白色系半透明袋（固まらせれば全量ＯＫ・布等に含ませた場合は少量ずつ）,え
可燃物,鉛筆（色鉛筆）,透明又は白色系半透明袋,え
可燃物,帯,透明又は白色系半透明袋,お
可燃物,オイル（自動車用）,透明又は白色系半透明袋（固まらせれば全量ＯＫ・布等に含ませた場合は少量ずつ）,お
可燃物,桶（木製）,透明又は白色系半透明袋,お
可燃物,おしゃぶり（ゴム製）,透明又は白色系半透明袋,お
可燃物,落ち葉,透明又は白色系半透明袋（一度に２袋まで）,お
可燃物,オムツ（紙・布）,透明又は白色系半透明袋（汚物は取り除いてください）,お
可燃物,オムツカバー,透明又は白色系半透明袋,お
可燃物,おもちゃ（布製・木製）,透明又は白色系半透明袋（５０㎝以上は粗大ごみ）,お
可燃物,おんぶひも,透明又は白色系半透明袋（金具は外し不燃物へ プラスチックはプラスチック②へ）,お
可燃物,カーボン紙,透明又は白色系半透明袋,か
可燃物,貝がら,透明又は白色系半透明袋,か
可燃物,カイロ（使い捨て）,透明又は白色系半透明袋,か
可燃物,額ぶち（木製）,透明又は白色系半透明袋（５０㎝以上は可燃粗大ごみ（ガラスは不燃物））,か
可燃物,掛け軸,透明又は白色系半透明袋,か
可燃物,カップ麺のふた（紙製）,透明又は白色系半透明袋,か
可燃物,かつら,透明又は白色系半透明袋,か
可燃物,かばん（布・皮・ナイロン）,透明又は白色系半透明袋（金具は取って不燃物へ）,か
可燃物,紙おむつ,透明又は白色系半透明袋（汚物は取り除いてください）,か
可燃物,紙くず,透明又は白色系半透明袋（紙類ではありません）,か
可燃物,紙コップ,透明又は白色系半透明袋,か
可燃物,ガムテープ,透明又は白色系半透明袋,か
可燃物,蚊帳,透明又は白色系半透明袋（金具は外して５０㎝角以下に切る　原形のままは粗大ごみ）,か
可燃物,皮製品（くつ・ベルト・バック・かばん・服）,透明又は白色系半透明袋（金具類は外して不燃物へ）,か
可燃物,乾燥剤（菓子用・乾物用）,透明又は白色系半透明袋,か
可燃物,木（直径１５㎝まで　長さ６０㎝以下）,ひもでしばる(束は直径３０㎝で２束まで　自己搬入は長さ２ｍまで),き
可燃物,小槌,透明又は白色系半透明袋,き
可燃物,吸水シート（ペット用）,透明又は白色系半透明袋,き
可燃物,草花,透明又は白色系半透明袋(土は自然に還元する),く
可燃物,薬の収納袋（紙）,透明又は白色系半透明袋,く
可燃物,薬箱（木箱）,透明又は白色系半透明袋(取っ手等金具は不燃物へ　外せない場合はそのまま不燃物へ),く
可燃物,くつ（皮・ビニール・布・ゴム製）,透明又は白色系半透明袋,く
可燃物,くつした,透明又は白色系半透明袋,く
可燃物,クッション（わた入り）,透明又は白色系半透明袋(ジャンボクッション（５０㎝以上）は粗大ごみ),く
可燃物,首輪（犬・猫用）,透明又は白色系半透明袋(金具は外し不燃物へ),く
可燃物,クレヨン,透明又は白色系半透明袋,く
可燃物,グローブ,透明又は白色系半透明袋,く
可燃物,軍手,透明又は白色系半透明袋,く
可燃物,毛（頭髪）　（家族で散髪したもの）,透明又は白色系半透明袋(理・美容室からの毛は産業廃棄物で出せません),く
可燃物,毛糸,透明又は白色系半透明袋,く
可燃物,ゲートボールスティック,透明又は白色系半透明袋,く
可燃物,下駄,透明又は白色系半透明袋,く
可燃物,玄関マット,透明又は白色系半透明袋(大きさ５０㎝角くらいに切る　そのままは粗大ごみ),く
可燃物,剣道防具（こて・たれ）,透明又は白色系半透明袋,く
可燃物,合成皮革製品,透明又は白色系半透明袋,こ
可燃物,ゴム手袋,透明又は白色系半透明袋,こ
可燃物,ゴム長靴,透明又は白色系半透明袋,こ
可燃物,ゴムホース（ビニール製はプラの日に）,透明又は白色系半透明袋(５０㎝以下に切る),こ
可燃物,米袋（紙製）,透明又は白色系半透明袋,こ
可燃物,ゴルフシューズ,透明又は白色系半透明袋(金属製の鋲は不燃物へ),こ
可燃物,ゴルフボール,透明又は白色系半透明袋,こ
可燃物,酒パック（内側が銀色のもの）,透明又は白色系半透明袋,さ
可燃物,座布団（わた入り）,透明又は白色系半透明袋(６０㎝×６０㎝以下で一度に３枚まで,さ
可燃物,皿（紙・木）,透明又は白色系半透明袋,さ
可燃物,ざる（竹製）,透明又は白色系半透明袋,さ
可燃物,サンダル,透明又は白色系半透明袋,さ
可燃物,下着,透明又は白色系半透明袋(見られても差しつかえないものは布類（資源物）へ),し
可燃物,湿布薬,透明又は白色系半透明袋,し
可燃物,自転車のチューブ,透明又は白色系半透明袋(５０㎝以下に切る),し
可燃物,写真,透明又は白色系半透明袋,し
可燃物,三味線,透明又は白色系半透明袋(分解して出す),し
可燃物,食用油,透明又は白色系半透明袋(固めるか布・紙にしみこませて出す),し
可燃物,除湿剤,透明又は白色系半透明袋,し
可燃物,食器（木製）,透明又は白色系半透明袋,し
可燃物,シリカゲル（乾燥剤）,透明又は白色系半透明袋,し
可燃物,スキーウェア,透明又は白色系半透明袋,し
可燃物,ストッキング,透明又は白色系半透明袋,し
可燃物,砂（ペット用）,透明又は白色系半透明袋,し
可燃物,スニーカー,透明又は白色系半透明袋,し
可燃物,スパイクシューズ,透明又は白色系半透明袋(金具は外して不燃物へ),し
可燃物,スリッパ,透明又は白色系半透明袋,し
可燃物,生理用品,透明又は白色系半透明袋,せ
可燃物,セーター,透明又は白色系半透明袋(資源物でなく可燃物です),せ
可燃物,瀬戸物,透明袋,せ
可燃物,洗剤容器（紙製）,透明又は白色系半透明袋(匂いがあるため資源利用できないので可燃物へ),せ
可燃物,草履（ぞうり）,透明又は白色系半透明袋,せ
可燃物,そば・うどん打ち用麺棒,透明又は白色系半透明袋,せ
可燃物,そろばん,透明又は白色系半透明袋,せ
可燃物,タイヤチェ―ン（ゴム製）,透明又は白色系半透明袋,た
可燃物,竹馬（木製）,透明又は白色系半透明袋(５０㎝以下に切る　原形のままでは粗大ごみ),た
可燃物,竹ほうき,透明又は白色系半透明袋(５０㎝以下に切る　原形のままでは粗大ごみ),た
可燃物,卓球ラケット,透明又は白色系半透明袋,た
可燃物,卵の殻,透明又は白色系半透明袋,た
可燃物,卵のパック（紙製）,透明又は白色系半透明袋,た
可燃物,樽,透明又は白色系半透明袋(周りの金属は不燃物へ),た
可燃物,茶たく（木製）,透明又は白色系半透明袋,ち
可燃物,ちゃんちゃんこ（綿入りはんてん）,透明又は白色系半透明袋(綿入りは資源利用できないので可燃物で出す),ち
可燃物,チューブ（自転車用）,透明又は白色系半透明袋(５０㎝以下に切る),ち
可燃物,杖（ステッキー木製）,透明又は白色系半透明袋,つ
可燃物,使い捨てカイロ,透明又は白色系半透明袋,つ
可燃物,漬物用ぬか,透明又は白色系半透明袋,つ
可燃物,積み木（木製）,透明又は白色系半透明袋,つ
可燃物,釣りざお（竹製）,透明又は白色系半透明袋(５０㎝以下の長さにして束ねる),つ
可燃物,テニスラケット（木製）,透明又は白色系半透明袋,て
可燃物,てんぷら油,透明又は白色系半透明袋(固めるか布・紙にしみこませて出す),て
可燃物,鳥かご（木製）,透明又は白色系半透明袋(３０㎝以上は粗大ごみ),と
可燃物,長くつ,透明又は白色系半透明袋,な
可燃物,長座布団,透明又は白色系半透明袋(袋に入れ一度に２枚まで),な
可燃物,中綿入り衣料（ジャンパー等）,透明又は白色系半透明袋(綿入りは資源利用できないので可燃物で出す),な
可燃物,生ごみ,透明又は白色系半透明袋,な
可燃物,縄,透明又は白色系半透明袋(丸める),な
可燃物,人形（木製・布製）,透明又は白色系半透明袋,に
可燃物,ぬいぐるみ,透明又は白色系半透明袋(中がスポンジの場合は中味だけプラスチックへ),ぬ
可燃物,ぬか床,透明又は白色系半透明袋,ぬ
可燃物,廃油（食用）,透明又は白色系半透明袋(布紙等にしみこませて),は
可燃物,箸（はし）木製,透明又は白色系半透明袋,は
可燃物,バット(木製）,透明又は白色系半透明袋,は
可燃物,花火,透明又は白色系半透明袋(必ず水にしめらせる。針金状のものは不燃物へ),は
可燃物,ハンガー(木製）,透明又は白色系半透明袋(金属部分は外し不燃物へ　そのままなら不燃物で),は
可燃物,ハンコ(象牙・木),透明又は白色系半透明袋,は
可燃物,ビーチサンダル,透明又は白色系半透明袋,ひ
可燃物,ひな人形,透明又は白色系半透明袋,ひ
可燃物,ブーツ,透明又は白色系半透明袋,ふ
可燃物,筆,透明又は白色系半透明袋,ふ
可燃物,風呂のいす(木製）,透明又は白色系半透明袋,ふ
可燃物,ペットのトイレ砂,透明又は白色系半透明袋,へ
可燃物,ペットパッド,透明又は白色系半透明袋(５０㎝以下に切って出す　原形のままは粗大ごみへ),へ
可燃物,ペット用シーツ,透明又は白色系半透明袋(汚物は取り除く),へ
可燃物,ベビー布団,透明又は白色系半透明袋(袋に入れて一度に２枚まで),へ
可燃物,ベルト（革・ビニール）,透明又は白色系半透明袋(金具は不燃物へ),へ
可燃物,ほうき,透明又は白色系半透明袋(長ほうきは５０㎝以下に切って),ほ
可燃物,帽子,透明又は白色系半透明袋,ほ
可燃物,ボール（野球・サッカー・ゴルフ等）,透明又は白色系半透明袋,ほ
可燃物,ボストンバッグ,透明又は白色系半透明袋,ほ
可燃物,保冷剤,透明又は白色系半透明袋,ほ
可燃物,まくら（そば殻・羽毛）,透明又は白色系半透明袋,ま
可燃物,マッチ,透明又は白色系半透明袋(湿らせてから出してください),ま
可燃物,マット（玄関・台所・風呂）,透明又は白色系半透明袋(５０㎝角以下に切る),ま
可燃物,まな板（木製）,透明又は白色系半透明袋,ま
可燃物,水まくら（ゴム製）,透明又は白色系半透明袋,み
可燃物,麦わら帽子,透明又は白色系半透明袋,む
可燃物,虫かご（木製）,透明又は白色系半透明袋,む
可燃物,蒸し器（セイロ）,透明又は白色系半透明袋(金網は不燃物へ),む
可燃物,ムシロ,透明又は白色系半透明袋(５０㎝角以下に切る),む
可燃物,ヤッケ,透明又は白色系半透明袋,や
可燃物,ラップ（汚れているもの）,透明又は白色系半透明袋,ら
可燃物,リュックサック,透明又は白色系半透明袋(金具は外して不燃物の日に出す),り
可燃物,ろうそく,透明又は白色系半透明袋,ろ
可燃物,ロープ,透明又は白色系半透明袋(丸めてしばる),ろ
可燃物,輪ゴム,透明又は白色系半透明袋,わ
可燃物,綿入れはんてん,透明又は白色系半透明袋(綿入りは可燃物です。資源物ではありません),わ
紙類・布類,（アルミホイル・ラップ等）箱と芯紙,雑誌に挟んでひもでしばる（金具は外す　雨天時は透明袋に入れる）,あ
紙類・布類,衣類（わた・羽毛・毛糸は可燃物で出す）,（雨天時は透明袋に入れる）,い
紙類・布類,絵本,ひもでしばる（雨天時は透明袋に入れる）,え
紙類・布類,折込チラシ（新聞と一緒でよい）,ひもでしばる（雨天時は透明袋に入れる）,お
紙類・布類,カーテン（レースは可燃物へ）,ひもでしばる（フック等の金具は不燃物へ（雨天時は透明袋で））,か
紙類・布類,菓子箱（紙製）,ひもでしばる（雑誌と一緒にしばって出す　雨天時は透明袋で）,か
紙類・布類,カタログ,ひもでしばる（雨天時は透明袋に入れる）,か
紙類・布類,紙（封筒?包装紙等）,雑誌と一緒にひもでしばる（雨天時は透明袋に入れる）,か
紙類・布類,紙箱,雑誌と一緒にひもでしばる（雨天時は透明袋に入れる）,か
紙類・布類,紙パック（飲料用）,ひもでしばる（軽くすすぐ　アルミ箔混合のものは可燃物で）,か
紙類・布類,牛乳パック,ひもでしばる(開いて洗って乾かししばる　雨天時は透明袋に入れる),き
紙類・布類,剣道着,ひもでしばる(雨天時は透明袋に入れる),く
紙類・布類,こたつ上かけ,ひもでしばる(雨天時は透明袋に入れる),こ
紙類・布類,雑誌,ひもでしばる(雨天時は透明袋に入れる,さ
紙類・布類,シーツ（もめん製）,ひもでしばる(雨天時は透明袋に入れる　もめん以外は可燃へ),し
紙類・布類,ジーンズ,ひもでしばる(雨天時は透明袋に入れる,し
紙類・布類,辞書・辞典,ひもでしばる(雨天時は透明袋に入れる),し
紙類・布類,ジャージ,ひもでしばる(雨天時は透明袋に入れる,し
紙類・布類,柔道着,ひもでしばる(雨天時は透明袋に入れる),し
紙類・布類,新聞（折込広告も一緒でよい）,ひもでしばる(雨天時は透明袋に入れる),し
紙類・布類,スーツ（背広）,ひもでしばる(雨天時は透明袋に入れる),し
紙類・布類,スカート,ひもでしばる(雨天時は透明袋に入れる),し
紙類・布類,タオル,ひもでしばる(雨天時は透明袋に入れる),た
紙類・布類,タオルケット,ひもでしばる(雨天時は透明袋に入れる),た
紙類・布類,単行本,ひもでしばる(雨天時は透明袋に入れる),た
紙類・布類,ダンボール,ひもでしばる(雨天時は透明袋に入れる),た
紙類・布類,チラシ（新聞広告は新聞と一緒でよい）,ひもでしばる(雨天時は透明袋に入れる),ち
紙類・布類,Ｔシャツ,ひもでしばる(雨天時は透明袋に入れる),て
紙類・布類,ティッシュの箱,ひもでしばる(広げて雑誌と一諸にしばって出す　雨天時は上に同じ),て
紙類・布類,テ―ブルクロス（布）,ひもでしばる(雨天時は透明袋に入れる),て
紙類・布類,トイレットペーパーの芯,雑誌に挟みひもでしばる(雑誌と一諸にしばって出す　雨天時は透明袋で),と
紙類・布類,葉書（ダイレクトメール含む）,雑誌に挟みひもでしばる(雑誌と一緒にしばって出す　雨天時は透明袋で),は
紙類・布類,フリース素材衣料,ひもでしばる(雨天時は透明袋に入れる),ふ
紙類・布類,本,ひもでしばる(雨天時は透明袋に入れる),ほ
紙類・布類,漫画本,ひもでしばる(雨天時は透明袋に入れる),ま
紙類・布類,みかん箱（ダンボール）,ひもでしばる(雨天時は透明袋に入れる),み
紙類・布類,浴衣（ゆかた）,ひもでしばる,ゆ
紙類・布類,洋服,ひもでしばる(雨天時は透明袋に入れる),よ
紙類・布類,ラップの紙箱,ひもでしばる(広げて雑誌と一緒にしばって出す　雨天時は透明袋に),ら
紙類・布類,Ｙシャツ,ひもでしばる(雨天時は透明袋に入れる),わ
不燃粗大ごみ,アルミサッシ（自分で交換した物のみ）,,あ
不燃粗大ごみ,アイロン台｛金属（足）折り畳み式｝,,あ
不燃粗大ごみ,アウトドア用テーブル,,あ
不燃粗大ごみ,アコーデオンカーテン,,あ
不燃粗大ごみ,足場台（業務用は不可）,,あ
不燃粗大ごみ,足踏みステッパ―,,あ
不燃粗大ごみ,アタッシュケース,（30㎝以下は不燃物）,あ
不燃粗大ごみ,編み機,,あ
不燃粗大ごみ,網付サークル,,あ
不燃粗大ごみ,網戸一式（自分で交換した物のみ）,,あ
不燃粗大ごみ,網戸枠（自分で交換した物のみ）（アルミ・プラ製）,（４５㍑の袋に入れば不燃物でＯＫ）,あ
不燃粗大ごみ,アンテナ（自分で交換した物のみ）,,あ
不燃粗大ごみ,アンプ,,あ
不燃粗大ごみ,あんま機（いす型・ベッド型）,,あ
不燃粗大ごみ,衣装ケース（プラスチック・金属）,,い
不燃粗大ごみ,いす（スチール製）,,い
不燃粗大ごみ,一輪車（荷物運搬用）,,い
不燃粗大ごみ,一輪車（乗り物）,,い
不燃粗大ごみ,井戸用ポンプ（自分で交換した物）,,い
不燃粗大ごみ,犬小屋（スチール・プラスチック製）,,い
不燃粗大ごみ,ウインドサーフィン,,う
不燃粗大ごみ,ウインドファン,,う
不燃粗大ごみ,植木棚（スチール）,,う
不燃粗大ごみ,植木の支柱,（折るか切って４５㍑の袋に入れば不燃物でOK）,う
不燃粗大ごみ,ウオーキングマシン,,う
不燃粗大ごみ,ウオシュレット（自分で購入した物のみ）,,う
不燃粗大ごみ,うば車,,う
不燃粗大ごみ,ウレタンマットレス,,う
不燃粗大ごみ,映写機,,え
不燃粗大ごみ,枝切りハサミ,（４５㍑の袋に入れば不燃物でＯＫ）,え
不燃粗大ごみ,エレキギター,,え
不燃粗大ごみ,エレクトーン（エレピアノ）,,え
不燃粗大ごみ,オイルヒーター,,お
不燃粗大ごみ,応接セット,,お
不燃粗大ごみ,オーディオセット,,お
不燃粗大ごみ,オーディオラック（金属製）,,お
不燃粗大ごみ,オートバイ（５０ｃｃ未満）,,お
不燃粗大ごみ,オーブンレンジ,,お
不燃粗大ごみ,押し入れ棚（金属製）,,お
不燃粗大ごみ,押し入れタンス（金属製）,,お
不燃粗大ごみ,折りたたみイス（パイプ製）,,お
不燃粗大ごみ,折りたたみベッド（パイプ製）,,お
不燃粗大ごみ,オルガン,,お
不燃粗大ごみ,温風ヒーター,,お
不燃粗大ごみ,温風ヒーターの室外機,,お
不燃粗大ごみ,カーテンレール（金属・プラスチック）,（５０㎝位に切れば不燃物又はプラ②,か
不燃粗大ごみ,鏡（姿見・ドレッサー）,,か
不燃粗大ごみ,学習机（スチール製）,,か
不燃粗大ごみ,家具調コタツ,,か
不燃粗大ごみ,傘たて（陶器・金属）,,か
不燃粗大ごみ,かざり戸棚（ガラス入り）,,か
不燃粗大ごみ,加湿器,,か
不燃粗大ごみ,ガスオーブン,,か
不燃粗大ごみ,ガス台,,か
不燃粗大ごみ,ガス湯沸し器,,か
不燃粗大ごみ,ガスレンジ,,か
不燃粗大ごみ,釜,,か
不燃粗大ごみ,カラオケ機器（家庭用）,,か
不燃粗大ごみ,ガラステーブル,,か
不燃粗大ごみ,缶（米貯蔵缶）,(自己搬入のみ受け入れ可能),か
不燃粗大ごみ,簡易物干し,,か
不燃粗大ごみ,換気扇（自分で交換した物のみ）,,か
不燃粗大ごみ,乾燥機（食器用）,,か
不燃粗大ごみ,乾燥機用棚（衣類用）,,か
不燃粗大ごみ,キーボード（楽器）,,き
不燃粗大ごみ,ギター,,き
不燃粗大ごみ,キッチンストッカー,,き
不燃粗大ごみ,キッチンワゴン,,き
不燃粗大ごみ,キャスター付ハンガー,,き
不燃粗大ごみ,脚立（金属）,,き
不燃粗大ごみ,キャリーボックス（車上置き）,,き
不燃粗大ごみ,キィウイフルーツ用棚,,き
不燃粗大ごみ,鏡台（三面鏡・ドレッサー）,,き
不燃粗大ごみ,金庫（手提げ式以外から大型８０㎏まで）,,き
不燃粗大ごみ,空気清浄機,,く
不燃粗大ごみ,クーラーボックス,,く
不燃粗大ごみ,草刈機,,く
不燃粗大ごみ,車椅子（手動・電動）,,く
不燃粗大ごみ,蛍光灯器具,(３０㎝までは不燃物で出せます（蛍光管は外す）),く
不燃粗大ごみ,健康器具（足ふみステッパー）,,く
不燃粗大ごみ,健康器具（ウエストひねり）,,く
不燃粗大ごみ,健康器具（ウォーキング・ランニングマシーン）,,く
不燃粗大ごみ,健康器具（乗馬型）,,く
不燃粗大ごみ,健康器具（スカイウォーク）,,く
不燃粗大ごみ,健康器具（腹筋用）,,く
不燃粗大ごみ,健康器具（ぶら下がり式）,,く
不燃粗大ごみ,コートハンガー（スチール製）,,こ
不燃粗大ごみ,コードリール,,こ
不燃粗大ごみ,黒板（ホワイトボード）,,こ
不燃粗大ごみ,ござ（ビニール）,(５０㎝以下に切ればプラ②でＯＫ),こ
不燃粗大ごみ,こたつ,,こ
不燃粗大ごみ,こたつ板（プラスチック製）,,こ
不燃粗大ごみ,子供遊具（三輪車・鉄棒・ブランコ・スベリ台等）,,こ
不燃粗大ごみ,コピー機（卓上型）,,こ
不燃粗大ごみ,米びつ（レンジ台付）,,こ
不燃粗大ごみ,ゴルフクラブ,,こ
不燃粗大ごみ,ゴルフバッグ,,こ
不燃粗大ごみ,ゴルフ練習ネット,,こ
不燃粗大ごみ,コンポ,,こ
不燃粗大ごみ,コンポスター（生ごみ処理用）,,こ
不燃粗大ごみ,サーフボード,,さ
不燃粗大ごみ,座椅子（金属入り・ウレタン入り）,,さ
不燃粗大ごみ,サマーベッド,,さ
不燃粗大ごみ,三面鏡,,さ
不燃粗大ごみ,三輪車（子供用）,,さ
不燃粗大ごみ,ＣＤコンポ・ＣＤプレーヤー・ＣＤラジカセ,,し
不燃粗大ごみ,磁気マットレス,,し
不燃粗大ごみ,室内物干し,,し
不燃粗大ごみ,自転車,,し
不燃粗大ごみ,芝刈り機,,し
不燃粗大ごみ,シャワー便座（自分で交換した物のみ）,,し
不燃粗大ごみ,シャンデリア（自分で交換した物のみ）,,し
不燃粗大ごみ,シュ―ズラック（プラスチック製）,,し
不燃粗大ごみ,収納ケース（金属・プラスチック）,,し
不燃粗大ごみ,瞬間湯沸器（自分で交換した物のみ）,,し
不燃粗大ごみ,焼却炉（家庭用小型のみ）,(家庭でのごみ焼却は禁止されています),し
不燃粗大ごみ,障子アルミ製（自分で交換した物のみ）,,し
不燃粗大ごみ,照明器具のかさ（金属・ガラス製）,(３０㎝までは不燃物へ),し
不燃粗大ごみ,照明器具のかさ（プラスチック製）,(３０㎝まではプラスチック②へ),し
不燃粗大ごみ,除湿機,,し
不燃粗大ごみ,食器洗い乾燥機,,し
不燃粗大ごみ,食器乾燥機,,し
不燃粗大ごみ,ショッピングカート・シルバーカー,,し
不燃粗大ごみ,水槽,,し
不燃粗大ごみ,炊飯器（５．５合炊きを超える）,,し
不燃粗大ごみ,スーツケース,,し
不燃粗大ごみ,姿見（大鏡）,,し
不燃粗大ごみ,スキー板,,し
不燃粗大ごみ,スキーキャリア,,し
不燃粗大ごみ,スキーストック,,し
不燃粗大ごみ,スクーター（５０ｃｃ未満）,,し
不燃粗大ごみ,スケートボード,,し
不燃粗大ごみ,スコップ（大）,,し
不燃粗大ごみ,すだれ（プラスチック製）,(５０㎝以下に切ればプラスチック②),し
不燃粗大ごみ,スタンド（照明）,(３０㎝以下は不燃物),し
不燃粗大ごみ,スチール缶（衣装缶）,,し
不燃粗大ごみ,スチールラック,,し
不燃粗大ごみ,ステレオセット,,し
不燃粗大ごみ,ストーブ（石油・ガス・電気）,,し
不燃粗大ごみ,ストーブガード,,し
不燃粗大ごみ,スノーボード,,し
不燃粗大ごみ,すのこ（プラスチック製）,,し
不燃粗大ごみ,スピーカー,,し
不燃粗大ごみ,滑り台（室内プラスチック製）,,し
不燃粗大ごみ,ズボンプレッサー,,し
不燃粗大ごみ,スロット台（家庭にあった物）,,し
不燃粗大ごみ,製図板（家庭で使用したもの）,,せ
不燃粗大ごみ,背負い式噴霧器,,せ
不燃粗大ごみ,石油ストーブ,(石油は抜く),せ
不燃粗大ごみ,石油ファンヒーター,(石油は抜く),せ
不燃粗大ごみ,セミダブルベッド枠（金属製）,,せ
不燃粗大ごみ,洗濯かご（プラスチック製）,,せ
不燃粗大ごみ,扇風機,,せ
不燃粗大ごみ,洗面化粧台（自分で交換した物のも）,,せ
不燃粗大ごみ,掃除機,,せ
不燃粗大ごみ,ソファー（ウレタン・スプリングあり）,,せ
不燃粗大ごみ,ソファーベッド,,せ
不燃粗大ごみ,そり（プラスチック製　子供用）,,せ
不燃粗大ごみ,耐火金庫（８０㎏までのもの　家庭用）,,た
不燃粗大ごみ,台車,,た
不燃粗大ごみ,高枝バサミ,,た
不燃粗大ごみ,卓球台,,た
不燃粗大ごみ,ダブルベッド枠（金属製）,,た
不燃粗大ごみ,チェーンソー,,ち
不燃粗大ごみ,蓄音器,,ち
不燃粗大ごみ,チャイルドシート,,ち
不燃粗大ごみ,調理台（システムキッチンを除く）自己交換のみ,,ち
不燃粗大ごみ,机（スチール製）,,つ
不燃粗大ごみ,ＤＶＤプレーヤー,,て
不燃粗大ごみ,鉄板（家庭用遊具）,,て
不燃粗大ごみ,テレビアンテナ,,て
不燃粗大ごみ,テレビ台（ガラス扉付）,,て
不燃粗大ごみ,電気オーブン,,て
不燃粗大ごみ,電気カーぺット,,て
不燃粗大ごみ,電気こたつ,,て
不燃粗大ごみ,電気コンロ,,て
不燃粗大ごみ,電気マッサージ器,,て
不燃粗大ごみ,電気毛布（掛け・敷き）,,て
不燃粗大ごみ,電子オルガン,,て
不燃粗大ごみ,電子ピアノ,,て
不燃粗大ごみ,電子レンジ,,て
不燃粗大ごみ,天体望遠鏡,,て
不燃粗大ごみ,テント（レジャー用）,,て
不燃粗大ごみ,電動カ―（子供用）,,て
不燃粗大ごみ,電動式ベッド,,て
不燃粗大ごみ,電動自転車,,て
不燃粗大ごみ,電話台,(自己搬入時コードは外す　（不燃物の日に出す）),て
不燃粗大ごみ,戸（ドア）スチール　自己交換のみ,,と
不燃粗大ごみ,トランク,,と
不燃粗大ごみ,トランポリン（家庭用）,,と
不燃粗大ごみ,流し台（自分で交換した物）,,な
不燃粗大ごみ,生ごみ処理機（電気式）,,な
不燃粗大ごみ,生ごみ処理容器（コンポスター）,,な
不燃粗大ごみ,二段ベッド（パイプ製）,,に
不燃粗大ごみ,庭木バリカン（電動）,,に
不燃粗大ごみ,バーべキューセット,,は
不燃粗大ごみ,バイク（５０ｃｃ未満）,,は
不燃粗大ごみ,パイプいす,,は
不燃粗大ごみ,パイプハンガー,,は
不燃粗大ごみ,パイプベッド,,は
不燃粗大ごみ,はしご(金属製),,は
不燃粗大ごみ,バスケットゴール,,は
不燃粗大ごみ,パソコンラック,,は
不燃粗大ごみ,パチンコ台（家庭にあった物）,,は
不燃粗大ごみ,パネルヒーター,,は
不燃粗大ごみ,ハロゲンヒーター,,は
不燃粗大ごみ,ビーチパラソル,,ひ
不燃粗大ごみ,美顔器,,ひ
不燃粗大ごみ,ビデオデッキ,,ひ
不燃粗大ごみ,ビニールロッカー,,ひ
不燃粗大ごみ,火鉢,,ひ
不燃粗大ごみ,複写機（家庭用）,(業務用は取り扱い不可),ふ
不燃粗大ごみ,腹筋台,,ふ
不燃粗大ごみ,フットバス,,ふ
不燃粗大ごみ,フットマッサージャー,,ふ
不燃粗大ごみ,布団干し,,ふ
不燃粗大ごみ,ブラインド（自分で交換した物のみ）,,ふ
不燃粗大ごみ,プロジェクションテレビ,(家電リサイクル法適用外),ふ
不燃粗大ごみ,フラワースタンド,,ふ
不燃粗大ごみ,プリンター,,ふ
不燃粗大ごみ,プレーヤー（レコード・ＭＤ・ＣＤ）,,ふ
不燃粗大ごみ,風呂桶（自分で交換した物のみ）,,ふ
不燃粗大ごみ,風呂釜（自分で交換した物のみ）,,ふ
不燃粗大ごみ,風呂のふた(プラスチック製）,,ふ
不燃粗大ごみ,ベッド（金属）,,へ
不燃粗大ごみ,ペットマット（スプリング入り）,,へ
不燃粗大ごみ,ペット用サークル,,へ
不燃粗大ごみ,ペット用冷えボード,(一辺が５０㎝までは不燃物でＯＫ),へ
不燃粗大ごみ,ベビーカー,,へ
不燃粗大ごみ,ベビーバス,,へ
不燃粗大ごみ,ベビーラック(プラスチック製）,,へ
不燃粗大ごみ,ヘルストロン,,へ
不燃粗大ごみ,便器（自分で取り替えたもの）,,へ
不燃粗大ごみ,便座（自分で取り替えたもの）,,へ
不燃粗大ごみ,ボイラー（風呂用）自分で交換した物のみ,,ほ
不燃粗大ごみ,ホースリール,,ほ
不燃粗大ごみ,ポータブルトイレ,,ほ
不燃粗大ごみ,歩行器（ベビー用・大人用）,,ほ
不燃粗大ごみ,ホットカーペット,,ほ
不燃粗大ごみ,ホップレート,,ほ
不燃粗大ごみ,マガジンラック（金属製）,,ま
不燃粗大ごみ,マッサージ器（椅子式）,,ま
不燃粗大ごみ,マットレス,,ま
不燃粗大ごみ,ミシン（卓上型・足踏み式）,,み
不燃粗大ごみ,ミシン台,,み
不燃粗大ごみ,ミニコンポ,,み
不燃粗大ごみ,メタルラック,,め
不燃粗大ごみ,モーター（１．５ｋｗまで）,,も
不燃粗大ごみ,餅つき器,,も
不燃粗大ごみ,物置（スチール製　１坪まで　解体して）,,も
不燃粗大ごみ,物干しさお,,も
不燃粗大ごみ,物干し台,,も
不燃粗大ごみ,門塀（自分で交換した物のみ）,,も
不燃粗大ごみ,ユニットケース,,ゆ
不燃粗大ごみ,揺りかご（プラスチック製）,,ゆ
不燃粗大ごみ,湯沸かし器（自分で交換した物のみ）,,ゆ
不燃粗大ごみ,浴槽（ホーロー・ステンレス等）,(自分で交換した物のみ),よ
不燃粗大ごみ,浴槽のフタ（プラスチック製）,,よ
不燃粗大ごみ,ランドリーラック（プラスチック）,,ら
不燃粗大ごみ,リヤカー,,り
不燃粗大ごみ,旅行カバン（スーツケ－ス）,,り
不燃粗大ごみ,冷風機（クーラー機能のない物）,,れ
不燃粗大ごみ,レーザーディスク,,れ
不燃粗大ごみ,レジャーテーブル,,れ
不燃粗大ごみ,レンジ台,,れ
不燃粗大ごみ,レンジフード,,れ
不燃粗大ごみ,老人用手押し車,,ろ
不燃粗大ごみ,ロッカー（スチール）,,ろ
不燃粗大ごみ,ワイヤーラック,,わ
不燃粗大ごみ,ワゴン（スチール製）,,わ
不燃物,アイスクリーマー（アイスクリーム製造器）,透明袋,あ
不燃物,アイロン　,透明袋,あ
不燃物,アダプタ－電気製品用）,透明袋,あ
不燃物,油の容器（鉱物油缶）,透明袋,あ
不燃物,アルミ製品（なべ・やかん）,透明袋,あ
不燃物,アルミホイル（アルミ箔）,透明袋,あ
不燃物,あんか（金属製）,透明袋,あ
不燃物,安全カミソリ,透明袋（刃を包んで内容物を表記して出してください）,あ
不燃物,安全ピン,透明袋,あ
不燃物,いす（簡易折りたたみ式）,透明袋（大きさ５０㎝まで　布は可燃物で　それ以上は粗大ごみ）,い
不燃物,鋳物類,透明袋（50㎝以上は粗大ごみ）,い
不燃物,入れ歯,透明袋,い
不燃物,印鑑（シャチハタ）,透明袋,い
不燃物,インターホン,透明袋,い
不燃物,植木ハサミ（片手用）,透明袋（収集の際危険でないようお願いします,う
不燃物,植木ハサミ（両手用）,透明袋（４５㍑の袋に入らない物は粗大ごみ,う
不燃物,植木鉢（素焼き・陶器）,（直径３０㎝以上は粗大ごみ）,う
不燃物,ウオークマン,透明袋,う
不燃物,腕時計,透明袋,う
不燃物,エキスパンダー,透明袋,え
不燃物,絵の具チューブ（金属）,透明袋,え
不燃物,延長コード,透明袋,え
不燃物,鉛筆削り,透明袋,え
不燃物,オイル缶（中はカラにして）,透明袋,お
不燃物,オーブントースター（横３０㎝まで）,透明袋（３０㎝以上は粗大ごみ）,お
不燃物,置き時計,透明袋,お
不燃物,桶（金属製）,透明袋,お
不燃物,押しピン,透明袋（紙に包み内容を表記する）,お
不燃物,おたま（金属製取っ手はプラ製）,透明袋,お
不燃物,汚泥（小量）,（４５㍑１袋なら西本宿へ持ち込みできます）,お
不燃物,おもちゃ（外見プラで中に金属あり）,透明袋（中に動力の金属が使用してある物は不燃物になります）,お
不燃物,おもちゃ（金属）,透明袋（５０㎝以上は粗大ごみ）,お
不燃物,折りたたみ傘,透明袋（布は外せれば可燃物へ）,お
不燃物,オルゴール,透明袋,お
不燃物,温度計（ガラス）,透明袋,お
不燃物,カーテンフック（金属）,透明袋,か
不燃物,懐中電灯（プラスチック製）電池は外す,透明袋,か
不燃物,カイロ（金属製）,透明袋（容器包装リサイクル法（プラマーク付））,か
不燃物,鏡の割れたもの,透明袋,か
不燃物,鍵,透明袋（ポリ袋又は紙に包んで内容物をハッキリ書く）,か
不燃物,かき氷器,透明袋,か
不燃物,額ぶち（金属製）,透明袋（上に同じ（ガラスは不燃物プラスチックはプラ②へ））,か
不燃物,掛け時計,透明袋（５０㎝以上は粗大ごみ）,か
不燃物,傘,透明袋（布は可燃物・ビニールはプラ②へ）,か
不燃物,カセットコンロ,透明袋,か
不燃物,カセットデッキ（３０㎝まで）,透明袋（３０㎝以上は粗大ごみ）,か
不燃物,カセットボンベ,透明袋（ガスを使い切ってから穴をあけて）,か
不燃物,カッターナイフ・刃,透明袋（刃を紙等で包んで出してください）,か
不燃物,金づち,透明袋,か
不燃物,花瓶,透明袋（高さ３０㎝以上は粗大ごみ）,か
不燃物,鎌,透明袋（ポリ袋又は紙に包んで内容物をハッキリ記入）,か
不燃物,カミソリの刃,透明袋（紙に包み内容を表記する）,か
不燃物,カミソリ本体（金属）,透明袋,か
不燃物,カメラ,透明袋,か
不燃物,ガラス,透明袋（リフォームしたものはリフォーム業者へ）,か
不燃物,缶（鉱物油用） ,透明袋,か
不燃物,缶（食用油専用）,透明袋(軽くすすぐ　),か
不燃物,缶（スプレー缶）,透明袋(使いきってから危険防止のため必ず穴をあける),か
不燃物,換気扇カバー（アルミ）,透明袋,か
不燃物,缶切り,透明袋,か
不燃物,乾燥機（ふとん用）,透明袋(３０㎝まで不燃物　それ以上は粗大ごみ),か
不燃物,乾電池,透明袋(透明ポリ小袋に入れる),か
不燃物,キッチンタイマー,透明袋,き
不燃物,急須（瀬戸物・金属・ガラス）,透明袋,き
不燃物,きり,透明袋(収集の際危なくないようにしてください),き
不燃物,金魚鉢,透明袋(３０㎝以上は粗大ごみへ),き
不燃物,金庫（手提げ式）,透明袋(３０㎝以上は粗大ごみへ),き
不燃物,金属バット,透明袋,き
不燃物,草刈機の刃（金属）,透明袋,く
不燃物,口紅容器（金属製）,透明袋,く
不燃物,クリスマスツリー,透明袋(５０㎝位に切るか折って出す),く
不燃物,グローランプ,透明袋,く
不燃物,蛍光管,ひもでしばる(電球は透明袋にいれて出す),く
不燃物,軽量はかり,透明袋,く
不燃物,化粧品びん（化粧水・乳液・マニキュア等）,透明袋(使い切って出す),く
不燃物,血圧計（水銀）　（電子）,透明袋(水銀血圧計はそれだけをひとつの小袋に入れる),く
不燃物,剣山（生け花用）,透明袋,く
不燃物,剣道防具（胴部）,透明袋,く
不燃物,工具,透明袋,こ
不燃物,コード,透明袋,こ
不燃物,コーヒーミル・コーヒーメーカー,透明袋,こ
不燃物,五月人形,透明袋(人形の中に針金等使用されているので不燃物で),こ
不燃物,こたつ用電気器具,透明袋,こ
不燃物,ごみ箱（金属製）,透明袋(高さ５０㎝まで　それ以上は粗大ごみ),こ
不燃物,コンパクト,透明袋,こ
不燃物,座椅子用マッサージ機,透明袋,さ
不燃物,殺虫剤入りスプレー缶,透明袋(使い切って穴をあける),さ
不燃物,皿（陶器・ガラス・金属）,透明袋,さ
不燃物,ざる（ステンレス）,透明袋,さ
不燃物,シェイバ―（電気式・電池式・その他）,透明袋(電池は取りだして不燃物へ),し
不燃物,七輪,透明袋,し
不燃物,自転車空気入れ,透明袋,し
不燃物,シャープペンシル,透明袋,し
不燃物,ジューサー・ミキサー,透明袋,し
不燃物,定規（金属）,透明袋,し
不燃物,浄水器,透明袋,し
不燃物,じょうろ（金属製）,透明袋,し
不燃物,食器（陶器・ガラス・金属）,透明袋,し
不燃物,シンク下フリーラック,透明袋,し
不燃物,水筒（ステンレス製）,透明袋,し
不燃物,炊飯器（５．５合炊きまで）,透明袋,し
不燃物,スケール,透明袋,し
不燃物,スコップ（小）,透明袋,し
不燃物,すずり,透明袋,し
不燃物,スタンプ台（金属）,透明袋,し
不燃物,スパナ,透明袋,し
不燃物,スプーン,透明袋,し
不燃物,スプレー缶,透明袋(使い切って穴をあける),し
不燃物,すり鉢,透明袋,し
不燃物,石油ポリタンク（１８㍑）,透明袋(プラスチックだが石油がついているので不燃へ),せ
不燃物,石油ポンプ,透明袋(プラスチックだが石油がついているので不燃へ),せ
不燃物,石油ポンプ（電動タイプ）,透明袋,せ
不燃物,洗濯はさみ,透明袋,せ
不燃物,剪定はさみ,透明袋(４５㍑の袋に入らない物は粗大ごみ),せ
不燃物,栓抜き,透明袋,せ
不燃物,洗面器（金属製）,透明袋,せ
不燃物,双眼鏡,透明袋,せ
不燃物,掃除機（ハンディータイプ）,透明袋,せ
不燃物,体温計（水銀）,透明袋(別のポリ小袋に入れて出す),た
不燃物,体温計（電子）,透明袋,た
不燃物,体重計（ヘルスメーター）,透明袋,た
不燃物,タイヤチェ―ン（鎖）,透明袋,た
不燃物,タイル,透明袋(少量のみ　家の解体で出た物は業者に相談する),た
不燃物,卓上コンロ,透明袋,た
不燃物,たこやき器,透明袋,た
不燃物,裁ちバサミ,透明袋,た
不燃物,玉杓子,透明袋,た
不燃物,たわし（亀の子・金属）,透明袋,た
不燃物,ダンベル（鉄）,透明袋,た
不燃物,地球儀,透明袋(直径３０㎝以上は粗大ごみ),ち
不燃物,茶碗,透明袋,ち
不燃物,中華なべ,透明袋,ち
不燃物,チューブ（絵の具・接着剤等）,透明袋,ち
不燃物,ちりとり（金属製）,透明袋,ち
不燃物,杖（ステッキー金属製・プラスチック製）,透明袋,つ
不燃物,使い捨てカメラ,透明袋,つ
不燃物,使い捨てライター,透明袋(ガスを使い切ってから出してください),つ
不燃物,漬物石（取って付表面プラスチック製）,透明袋(市販品なら不燃物で出す),つ
不燃物,漬物たる（ホーロー製）,透明袋(２０㍑まで　これ以上は粗大ごみ),つ
不燃物,壺,透明袋(３０㎝まで　これ以上は粗大ごみ),つ
不燃物,爪切り,透明袋,つ
不燃物,釣りざお（カーボン製）,透明袋(５０㎝以下の長さにして束ねる),つ
不燃物,テープレコーダー,透明袋,て
不燃物,手提げ金庫,透明袋(３０㎝以上は粗大ごみ),て
不燃物,デジタルカメラ,透明袋,て
不燃物,鉄アレイ,透明袋,て
不燃物,鉄板（建築用・工事は不可）,透明袋(５０㎝以上は粗大ごみ),て
不燃物,テニスラケット（カーボン・アルミ製）,透明袋,て
不燃物,テレビゲーム機,透明袋,て
不燃物,電気あんか,透明袋,て
不燃物,電気蚊取り器,透明袋,て
不燃物,電気カミソリ,透明袋,て
不燃物,電気コード,透明袋,て
不燃物,電気炊飯器,透明袋(５．５合炊きまでＯＫ　それ以上は粗大ごみ　),て
不燃物,電気スタンド,透明袋(３０㎝まで　それ以上は粗大ごみ),て
不燃物,電気ポット,透明袋(２．２㍑まで　それ以上は粗大ごみ),て
不燃物,電球,透明袋,て
不燃物,電子ジャー（保温用）,透明袋(５．５合用までＯＫ　それ以上は粗大ごみ　),て
不燃物,電磁調理器,透明袋(３０㎝のものまで　それ以上は粗大ごみ),て
不燃物,電卓,透明袋(中に基盤が入っているので不燃物になります),て
不燃物,電動歯ブラシ,透明袋,て
不燃物,てんぷらガード,透明袋,て
不燃物,電話機,透明袋,て
不燃物,砥石,透明袋,と
不燃物,陶器,透明袋,と
不燃物,灯油タンク,透明袋(中味は使い切って空の状態で出す　一度に１個まで),と
不燃物,トースター,透明袋(３０㎝以上は粗大ごみ),と
不燃物,時計,透明袋,と
不燃物,時計（掛け）,透明袋(３０㎝以上は粗大ごみ),と
不燃物,塗装用スプレー缶,透明袋(必ず使い切って火気のない屋外で安全に気を配り穴をあける),と
不燃物,土鍋,透明袋,と
不燃物,ドライバー,透明袋,と
不燃物,ドライヤー,透明袋,と
不燃物,トランシーバー,透明袋,と
不燃物,鳥かご（金属製）,透明袋(３０㎝以上は粗大ごみ),と
不燃物,塗装缶,透明袋(２０㍑缶まで　中味は使い切りつぶして出す),と
不燃物,ドリンク剤ビンのフタ（金属製）,透明袋,と
不燃物,トロフィー（金属）,透明袋(３０㎝以上は粗大ごみ),と
不燃物,ナイフ,透明袋(刃は新聞紙等で包む),な
不燃物,なべ,透明袋,な
不燃物,人形ケース,透明袋(高さ＋幅＋奥行９０㎝以内（分解する）それ以上は粗大ごみ),に
不燃物,縫い針,透明袋(針先をテープ等でまく),ぬ
不燃物,ぬり薬のチューブ（金属製）,透明袋(内容物を出し切ってから),ぬ
不燃物,農具,透明袋(鎌・くわ・あぜかき等　柄は可燃物へ),の
不燃物,農薬のびん・プラスチック容器,透明袋(内容物を使い切り　よく洗って出す),の
不燃物,のこぎり・のみ（家庭用）,透明袋,の
不燃物,ハーモニカ,透明袋,は
不燃物,灰（かまどからの灰に限定）,透明袋(ごみの庭先での焼却は禁止されています),は
不燃物,灰皿（ガラス・陶器・金属）,透明袋,は
不燃物,秤（はかり）体重計・料理秤,透明袋(３０㎝以上は粗大ごみ),は
不燃物,バケツ(金属製）,透明袋(20㍑まで　これ以上は粗大ごみ),は
不燃物,ハサミ,透明袋,は
不燃物,バット（金属製）,透明袋,は
不燃物,バリカン（電動・手動）,透明袋,は
不燃物,ハンコ(金属・シャチハタ),透明袋,は
不燃物,ハンドミキサー,透明袋,は
不燃物,ビー玉,透明袋,ひ
不燃物,ひげそり(電動),透明袋,ひ
不燃物,ビデオカメラ,透明袋,ひ
不燃物,びん（化粧品）,透明袋,ひ
不燃物,びん・かんのふた（金属）,透明袋,ひ
不燃物,ファックス（ファクシミリ）家庭用,透明袋(３０㎝以上は粗大ごみ),ふ
不燃物,ファミコン,透明袋,ふ
不燃物,ファミコンソフト,透明袋,ふ
不燃物,フォーク,透明袋,ふ
不燃物,布団乾燥機,透明袋(３０㎝以上は粗大ごみ),ふ
不燃物,フライパン,透明袋,ふ
不燃物,ブロック（建築廃材不可）,(持ち込みのみ（数個ならＯＫ）),ふ
不燃物,フロッピーディスク,透明袋,ふ
不燃物,ヘアースプレー缶,透明袋(危険防止のため穴をあけて出す),へ
不燃物,ペーパーシュレッダー,透明袋,へ
不燃物,ヘッドホン,透明袋,へ
不燃物,ヘルスメーター（体重計）,透明袋,へ
不燃物,ヘルメット,透明袋(ガラス繊維混入のため),へ
不燃物,ペンチ,透明袋,へ
不燃物,ホイル　　　（アルミ箔）,透明袋,ほ
不燃物,包丁,透明袋(刃の部分は保護して出す),ほ
不燃物,包丁研ぎ器,透明袋,ほ
不燃物,ボーリング玉,透明袋,ほ
不燃物,補聴器,透明袋,ほ
不燃物,ポット（電気式・保温式）,透明袋(2.2㍑まで　それ以上は粗大ごみ),ほ
不燃物,哺乳瓶（ガラス製）,透明袋,ほ
不燃物,ポラロイドカメラ,透明袋,ほ
不燃物,ポリタンク,透明袋(２０㍑まで　これ以上は粗大ごみ　一度に１個まで),ほ
不燃物,巻き尺,透明袋,ま
不燃物,マグネット,透明袋,ま
不燃物,まくら（磁気まくら）,透明袋(布の部分は可燃物),ま
不燃物,マッサージ器（ハンディータイプ）,透明袋,ま
不燃物,万年筆,透明袋,ま
不燃物,万歩計,透明袋,ま
不燃物,ミキサー（ジューサー）,透明袋,み
不燃物,ミシン（コンパクトタイプ）,透明袋,み
不燃物,ミシン針,透明袋(先をガムテープ等でまき、紙袋等に入れ表記しビニール袋に入れる),み
不燃物,水切りラック（金属）,透明袋,み
不燃物,蒸し器（金属）,透明袋,む
不燃物,メガネ,透明袋,め
不燃物,メガネケース,透明袋,め
不燃物,目覚まし時計,透明袋,め
不燃物,メジャー（金属製）,透明袋,め
不燃物,面（野球・剣道）,透明袋,め
不燃物,モップ（金属・プラスチック）,透明袋(雑巾部分は可燃物へ),も
不燃物,物干しハンガー（二つ折り）,透明袋,も
不燃物,やかん,透明袋,や
不燃物,焼き網,透明袋,や
不燃物,薬品びん,透明袋(液体の場合は中をよくすすいでから出す),や
不燃物,郵便受け（金属）,透明袋(雨天時は透明袋に入れる),ゆ
不燃物,湯たんぽ（金属・陶器）,透明袋,ゆ
不燃物,ライター（使い捨て）　（金属）,透明袋(ガスは使い切ってから出す),ら
不燃物,ラジオ,透明袋,ら
不燃物,ラジカセ　（横３０㎝まで）,透明袋(３０㎝以上は粗大ごみ),ら
不燃物,ラジコン,透明袋,ら
不燃物,ランチジャー,透明袋,ら
不燃物,リール（釣り用）,透明袋,り
不燃物,リモコン（テレビ・音響機器・エアコン用等）,透明袋(電池は抜く),り
不燃物,ルアー（釣り用）,透明袋,る
不燃物,ルーペ（虫めがねーガラス製）,透明袋,る
不燃物,レコードプレーヤ,透明袋(３０㎝以上は粗大ごみ),れ
不燃物,レンガ（建築廃材不可）,(持ち込みのみ（数個ならＯＫ）),れ
不燃物,老眼鏡,透明袋,ろ
不燃物,ローラースケート,透明袋,ろ
